{
    "identityPoolName": "ayps844e549f_identitypool_844e549f",
    "allowUnauthenticatedIdentities": false,
    "resourceNameTruncated": "ayps844e549f",
    "userPoolName": "ayps844e549f_userpool_844e549f",
    "autoVerifiedAttributes": [
        "email"
    ],
    "mfaConfiguration": "OFF",
    "mfaTypes": [
        "SMS Text Message"
    ],
    "smsAuthenticationMessage": "Your authentication code is {####}",
    "smsVerificationMessage": "Your verification code is {####}",
    "emailVerificationSubject": "Your verification code",
    "emailVerificationMessage": "Your verification code is {####}",
    "defaultPasswordPolicy": false,
    "passwordPolicyMinLength": 8,
    "passwordPolicyCharacters": [],
    "requiredAttributes": [
        "email"
    ],
    "userpoolClientGenerateSecret": false,
    "userpoolClientRefreshTokenValidity": 30,
    "userpoolClientWriteAttributes": [
        "email"
    ],
    "userpoolClientReadAttributes": [
        "email"
    ],
    "userpoolClientLambdaRole": "ayps84844e549f_userpoolclient_lambda_role",
    "userpoolClientSetAttributes": false,
    "sharedId": "844e549f",
    "resourceName": "ayps844e549f",
    "authSelections": "identityPoolAndUserPool",
    "authRoleArn": {
        "Fn::GetAtt": [
            "AuthRole",
            "Arn"
        ]
    },
    "unauthRoleArn": {
        "Fn::GetAtt": [
            "UnauthRole",
            "Arn"
        ]
    },
    "useDefault": "defaultSocial",
    "userPoolGroupList": [],
    "serviceName": "Cognito",
    "usernameCaseSensitive": false,
    "dependsOn": [],
    "hostedUI": true,
    "hostedUIDomainName": "ayps95384f0a-95384f0a",
    "authProvidersUserPool": [
        "Google"
    ],
    "hostedUIProviderMeta": "[{\"ProviderName\":\"Google\",\"authorize_scopes\":\"openid email profile\",\"AttributeMapping\":{\"email\":\"email\",\"username\":\"sub\"}}]",
    "authProviders": [],
    "oAuthMetadata": "{\"AllowedOAuthFlows\":[\"code\"],\"AllowedOAuthScopes\":[\"phone\",\"email\",\"openid\",\"profile\",\"aws.cognito.signin.user.admin\"],\"CallbackURLs\":[\"ayps://callback/\"],\"LogoutURLs\":[\"ayps://signout/\"]}"
}