{
  "providers": {
    "awscloudformation": {
      "AuthRoleName": "amplify-ayps-dev-92130-authRole",
      "UnauthRoleArn": "arn:aws:iam::769969992340:role/amplify-ayps-dev-92130-unauthRole",
      "AuthRoleArn": "arn:aws:iam::769969992340:role/amplify-ayps-dev-92130-authRole",
      "Region": "eu-central-1",
      "DeploymentBucketName": "amplify-ayps-dev-92130-deployment",
      "UnauthRoleName": "amplify-ayps-dev-92130-unauthRole",
      "StackName": "amplify-ayps-dev-92130",
      "StackId": "arn:aws:cloudformation:eu-central-1:769969992340:stack/amplify-ayps-dev-92130/a1c07490-780b-11eb-92dc-0a13308c98dc",
      "AmplifyAppId": "d2sjrssdoieeut"
    }
  },
  "api": {
    "aypsapi": {
      "service": "AppSync",
      "providerPlugin": "awscloudformation",
      "output": {
        "authConfig": {
          "defaultAuthentication": {
            "authenticationType": "API_KEY",
            "apiKeyConfig": {
              "apiKeyExpirationDays": 365,
              "description": "test"
            }
          },
          "additionalAuthenticationProviders": []
        },
        "GraphQLAPIIdOutput": "eqih4wbtonbpfbaapnlbl77k5i",
        "GraphQLAPIEndpointOutput": "https://pc4ln4axurcdtmuad22aa3ktnq.appsync-api.eu-central-1.amazonaws.com/graphql",
        "GraphQLAPIKeyOutput": "da2-zqt3nwutyja27evu5dlf23jg2y"
      },
      "providerMetadata": {
        "s3TemplateURL": "https://s3.amazonaws.com/amplify-ayps-dev-92130-deployment/amplify-cfn-templates/api/cloudformation-template.json",
        "logicalId": "apiaypsapi"
      },
      "lastPushTimeStamp": "2021-03-01T17:24:21.627Z",
      "lastPushDirHash": "ABDPkMD17528nJ/reFKVbbECPrU="
    }
  },
  "auth": {
    "ayps844e549f": {
      "service": "Cognito",
      "providerPlugin": "awscloudformation",
      "dependsOn": [],
      "customAuth": false,
      "providerMetadata": {
        "s3TemplateURL": "https://s3.amazonaws.com/amplify-ayps-dev-92130-deployment/amplify-cfn-templates/auth/ayps844e549f-cloudformation-template.yml",
        "logicalId": "authayps844e549f"
      },
      "lastPushTimeStamp": "2021-03-01T17:24:21.642Z",
      "output": {
        "UserPoolId": "eu-central-1_HnaT8EbN5",
        "AppClientIDWeb": "49jvll33b84lkp0eo3t7lvcj3j",
        "AppClientID": "1ho47jm0f0k46ndud6q64u4p5o",
        "IdentityPoolId": "eu-central-1:aacf48d3-ce45-4def-9624-fb5681eef380",
        "IdentityPoolName": "ayps844e549f_identitypool_844e549f__dev",
        "UserPoolName": "ayps844e549f_userpool_844e549f",
        "HostedUIDomain": "ayps95384f0a-95384f0a-dev",
        "OAuthMetadata": "{\"AllowedOAuthFlows\":[\"code\"],\"AllowedOAuthScopes\":[\"phone\",\"email\",\"openid\",\"profile\",\"aws.cognito.signin.user.admin\"],\"CallbackURLs\":[\"ayps://callback/\"],\"LogoutURLs\":[\"ayps://signout/\"]}"
      },
      "lastPushDirHash": "lOMZ6ePvI7kB+w/Erzx4OJaw2oc="
    }
  }
}