{
  "dev": {
    "awscloudformation": {
      "AuthRoleName": "amplify-ayps-dev-92130-authRole",
      "UnauthRoleArn": "arn:aws:iam::769969992340:role/amplify-ayps-dev-92130-unauthRole",
      "AuthRoleArn": "arn:aws:iam::769969992340:role/amplify-ayps-dev-92130-authRole",
      "Region": "eu-central-1",
      "DeploymentBucketName": "amplify-ayps-dev-92130-deployment",
      "UnauthRoleName": "amplify-ayps-dev-92130-unauthRole",
      "StackName": "amplify-ayps-dev-92130",
      "StackId": "arn:aws:cloudformation:eu-central-1:769969992340:stack/amplify-ayps-dev-92130/a1c07490-780b-11eb-92dc-0a13308c98dc",
      "AmplifyAppId": "d2sjrssdoieeut"
    },
    "categories": {
      "auth": {
        "ayps844e549f": {}
      }
    }
  }
}